-- phpMyAdmin SQL Dump
-- version 5.2.0
-- https://www.phpmyadmin.net/
--
-- Host: 127.0.0.1
-- Generation Time: Nov 08, 2023 at 05:25 PM
-- Server version: 10.4.24-MariaDB
-- PHP Version: 8.1.6

SET SQL_MODE = "NO_AUTO_VALUE_ON_ZERO";
START TRANSACTION;
SET time_zone = "+00:00";


/*!40101 SET @OLD_CHARACTER_SET_CLIENT=@@CHARACTER_SET_CLIENT */;
/*!40101 SET @OLD_CHARACTER_SET_RESULTS=@@CHARACTER_SET_RESULTS */;
/*!40101 SET @OLD_COLLATION_CONNECTION=@@COLLATION_CONNECTION */;
/*!40101 SET NAMES utf8mb4 */;

--
-- Database: `poli`
--

-- --------------------------------------------------------

--
-- Table structure for table `dokter`
--

CREATE TABLE `dokter` (
  `id` int(11) NOT NULL,
  `nama` varchar(255) DEFAULT NULL,
  `alamat` varchar(255) DEFAULT NULL,
  `no_hp` varchar(50) DEFAULT NULL
) ENGINE=InnoDB DEFAULT CHARSET=utf8mb4;

--
-- Dumping data for table `dokter`
--

INSERT INTO `dokter` (`id`, `nama`, `alamat`, `no_hp`) VALUES
(13, 'Dr. Arya Jaya', 'Semarang', '089123456789'),
(14, 'Dr. Sarah Putri', 'Semarang', '089532796611'),
(15, 'Dr. Ken Pradipta', 'Semarang', '08911112897');

-- --------------------------------------------------------

--
-- Table structure for table `pasien`
--

CREATE TABLE `pasien` (
  `id` int(10) NOT NULL,
  `nama` varchar(100) NOT NULL,
  `alamat` varchar(100) NOT NULL,
  `no_hp` varchar(20) NOT NULL
) ENGINE=InnoDB DEFAULT CHARSET=utf8mb4;

--
-- Dumping data for table `pasien`
--

INSERT INTO `pasien` (`id`, `nama`, `alamat`, `no_hp`) VALUES
(9, 'Dani Megawati', 'Ambarawa', '089578722283'),
(10, 'Maharini Putri', 'Semarang', '08545536773'),
(11, 'Farah Salsabila', 'Ungaran', '085442567754');

-- --------------------------------------------------------

--
-- Table structure for table `periksa`
--

CREATE TABLE `periksa` (
  `id` int(11) NOT NULL,
  `id_pasien` int(11) NOT NULL,
  `id_dokter` int(11) NOT NULL,
  `tgl_periksa` datetime NOT NULL,
  `catatan` text NOT NULL,
  `obat` varchar(255) NOT NULL
) ENGINE=InnoDB DEFAULT CHARSET=utf8mb4;

--
-- Dumping data for table `periksa`
--

INSERT INTO `periksa` (`id`, `id_pasien`, `id_dokter`, `tgl_periksa`, `catatan`, `obat`) VALUES
(23, 9, 13, '2023-11-01 10:03:00', 'Demam', 'Paracetamol'),
(24, 10, 14, '2023-11-01 14:06:00', 'Flu', 'Ibuprofen'),
(25, 11, 15, '2023-11-02 14:00:00', 'Hipertensi', 'Furosemide'),
(26, 11, 14, '2023-11-08 11:22:00', 'Deman', 'Paracetamol'),
(27, 11, 15, '2023-11-08 12:28:00', 'Demam', 'Paracetamol');

-- --------------------------------------------------------

--
-- Table structure for table `user`
--

CREATE TABLE `user` (
  `id` int(11) NOT NULL,
  `username` varchar(50) NOT NULL,
  `password` varchar(255) NOT NULL
) ENGINE=InnoDB DEFAULT CHARSET=utf8mb4;

--
-- Dumping data for table `user`
--

INSERT INTO `user` (`id`, `username`, `password`) VALUES
(11, 'admin', '202cb962ac59075b964b07152d234b70'),
(12, 'fani', '202cb962ac59075b964b07152d234b70'),
(13, 'rifa', '202cb962ac59075b964b07152d234b70'),
(14, 'rifanida', '698d51a19d8a121ce581499d7b701668');

--
-- Indexes for dumped tables
--

--
-- Indexes for table `dokter`
--
ALTER TABLE `dokter`
  ADD PRIMARY KEY (`id`);

--
-- Indexes for table `pasien`
--
ALTER TABLE `pasien`
  ADD PRIMARY KEY (`id`);

--
-- Indexes for table `periksa`
--
ALTER TABLE `periksa`
  ADD PRIMARY KEY (`id`),
  ADD KEY `id_dokter_2` (`id_dokter`),
  ADD KEY `id_pasien` (`id_pasien`);

--
-- Indexes for table `user`
--
ALTER TABLE `user`
  ADD PRIMARY KEY (`id`);

--
-- AUTO_INCREMENT for dumped tables
--

--
-- AUTO_INCREMENT for table `dokter`
--
ALTER TABLE `dokter`
  MODIFY `id` int(11) NOT NULL AUTO_INCREMENT, AUTO_INCREMENT=19;

--
-- AUTO_INCREMENT for table `pasien`
--
ALTER TABLE `pasien`
  MODIFY `id` int(10) NOT NULL AUTO_INCREMENT, AUTO_INCREMENT=12;

--
-- AUTO_INCREMENT for table `periksa`
--
ALTER TABLE `periksa`
  MODIFY `id` int(11) NOT NULL AUTO_INCREMENT, AUTO_INCREMENT=28;

--
-- AUTO_INCREMENT for table `user`
--
ALTER TABLE `user`
  MODIFY `id` int(11) NOT NULL AUTO_INCREMENT, AUTO_INCREMENT=15;

--
-- Constraints for dumped tables
--

--
-- Constraints for table `periksa`
--
ALTER TABLE `periksa`
  ADD CONSTRAINT `periksa_ibfk_1` FOREIGN KEY (`id_pasien`) REFERENCES `pasien` (`id`),
  ADD CONSTRAINT `periksa_ibfk_2` FOREIGN KEY (`id_dokter`) REFERENCES `dokter` (`id`),
  ADD CONSTRAINT `periksa_ibfk_3` FOREIGN KEY (`id_pasien`) REFERENCES `pasien` (`id`);
COMMIT;

/*!40101 SET CHARACTER_SET_CLIENT=@OLD_CHARACTER_SET_CLIENT */;
/*!40101 SET CHARACTER_SET_RESULTS=@OLD_CHARACTER_SET_RESULTS */;
/*!40101 SET COLLATION_CONNECTION=@OLD_COLLATION_CONNECTION */;
